team,first_name,last_name,number,position,country,born_on,photo
Korona Kielce,Michał,Mikielewicz,12,goalkeeper,POL,2008-09-26,photos/korona-kielce/michał_mikielewicz.png
Korona Kielce,Kacper,Minuczyc,20,midfielder,POL,2008-04-22,photos/korona-kielce/kacper_minuczyc.png
Korona Kielce,Xavier,Dziekoński,1,goalkeeper,POL,2003-10-06,photos/korona-kielce/xavier_dziekoński.png
Korona Kielce,Bartłomiej,Smolarczyk,24,defender,POL,2003-07-02,photos/korona-kielce/bartłomiej_smolarczyk.png
Korona Kielce,Jakub,Budnicki,61,defender,POL,2001-07-19,photos/korona-kielce/jakub_budnicki.png
Korona Kielce,Wiktor,Popow,26,defender,BGR,2000-03-05,photos/korona-kielce/wiktor_popow.png
Korona Kielce,Dawid,Błanik,7,midfielder,POL,1997-04-15,photos/korona-kielce/dawid_błanik.png
Korona Kielce,David,Gonzalez Plata,10,midfielder,ESP,1991-05-28,photos/korona-kielce/david_gonzalez_plata.png
Korona Kielce,Wiktor,Długosz,71,midfielder,POL,2000-07-01,photos/korona-kielce/wiktor_długosz.png
Korona Kielce,Mateusz,Głowiński,17,striker,POL,2006-01-12,photos/korona-kielce/mateusz_głowiński.png
Korona Kielce,Rafał,Mamla,87,goalkeeper,POL,2003-12-22,photos/korona-kielce/rafał_mamla.png
Korona Kielce,Michał,Niedbała,22,goalkeeper,POL,2006-04-10,photos/korona-kielce/michał_niedbała.png
Korona Kielce,Marcel,Pięczek,6,defender,POL,2000-12-11,photos/korona-kielce/marcel_pięczek.png
Korona Kielce,Konrad,Matuszewski,3,defender,POL,2001-10-04,photos/korona-kielce/konrad_matuszewski.png
Korona Kielce,Pau,Resta,5,defender,ESP,2000-11-14,photos/korona-kielce/pau_resta.png
Korona Kielce,Konstantinos,Sotiriou,44,defender,CYP,1996-06-21,photos/korona-kielce/konstantinos_sotiriou.png
Korona Kielce,Hubert,Zwoźny,37,defender,POL,2003-11-17,photos/korona-kielce/hubert_zwoźny.png
Korona Kielce,Martin,Remacle,8,midfielder,BEL,1997-05-16,photos/korona-kielce/martin_remacle.png
Korona Kielce,Jakub,Kowalski,16,midfielder,POL,2006-02-05,photos/korona-kielce/jakub_kowalski.png
Korona Kielce,Wojciech,Kamiński,27,midfielder,POL,2001-01-21,photos/korona-kielce/wojciech_kamiński.png
Korona Kielce,Miłosz,Strzeboński,13,midfielder,POL,2003-11-19,photos/korona-kielce/miłosz_strzeboński.png
Korona Kielce,Tamar,Svetlin,88,midfielder,SVN,2001-07-30,photos/korona-kielce/tamar_svetlin.png
Korona Kielce,Władimir,Nikołow,11,striker,BGR,2001-02-07,photos/korona-kielce/władimir_nikołow.png
Korona Kielce,Konrad,Ciszek,21,defender,POL,2007-10-04,photos/korona-kielce/konrad_ciszek.png
Korona Kielce,Radosław,Seweryś,33,defender,POL,2004-01-10,photos/korona-kielce/radosław_seweryś.png
Korona Kielce,Nikodem,Niski,15,defender,POL,2002-04-14,photos/korona-kielce/nikodem_niski.png
Korona Kielce,Antonio,Cortes Heredia,70,striker,ESP,2000-04-16,photos/korona-kielce/antonio_cortes_heredia.png
Korona Kielce,Stjepan,Davidović,9,midfielder,HRV,2005-02-13,photos/korona-kielce/stjepan_davidović.png
Korona Kielce,Slobodan,Rubezić,23,defender,MNE,2000-03-21,photos/korona-kielce/slobodan_rubezić.png
Korona Kielce,Marcin,Cebula,77,midfielder,POL,1995-12-06,Brak
Kghm Zaglebie Lubin,Arkadiusz,Woźniak,11,midfielder,POL,1990-06-01,photos/kghm-zaglebie-lubin/arkadiusz_woźniak.png
Kghm Zaglebie Lubin,Mateusz,Wdowiak,17,midfielder,POL,1996-08-28,photos/kghm-zaglebie-lubin/mateusz_wdowiak.png
Kghm Zaglebie Lubin,Jakub,Sypek,19,midfielder,POL,2001-04-07,photos/kghm-zaglebie-lubin/jakub_sypek.png
Kghm Zaglebie Lubin,Adam,Matysek,22,goalkeeper,POL,2007-05-30,photos/kghm-zaglebie-lubin/adam_matysek.png
Kghm Zaglebie Lubin,Jasmin,Burić,1,goalkeeper,BIH,1987-02-18,photos/kghm-zaglebie-lubin/jasmin_burić.png
Kghm Zaglebie Lubin,Josip,Corluka,16,defender,HRV,1995-03-03,photos/kghm-zaglebie-lubin/josip_corluka.png
Kghm Zaglebie Lubin,Mateusz,Grzybek,13,defender,POL,1996-03-30,photos/kghm-zaglebie-lubin/mateusz_grzybek.png
Kghm Zaglebie Lubin,Kajetan,Szmyt,77,midfielder,POL,2002-05-29,photos/kghm-zaglebie-lubin/kajetan_szmyt.png
Kghm Zaglebie Lubin,Adam,Radwański,18,midfielder,POL,1998-04-10,photos/kghm-zaglebie-lubin/adam_radwański.png
Kghm Zaglebie Lubin,Michalis,Kosidis,9,striker,GRC,2002-02-09,photos/kghm-zaglebie-lubin/michalis_kosidis.png
Kghm Zaglebie Lubin,Hubert,Adamczyk,15,midfielder,POL,1998-02-23,photos/kghm-zaglebie-lubin/hubert_adamczyk.png
Kghm Zaglebie Lubin,Dominik,Hładun,30,goalkeeper,POL,1995-09-17,photos/kghm-zaglebie-lubin/dominik_hładun.png
Kghm Zaglebie Lubin,Michał,Nalepa,25,defender,POL,1993-01-22,photos/kghm-zaglebie-lubin/michał_nalepa.png
Kghm Zaglebie Lubin,Damian,Michalski,4,defender,POL,1998-05-17,photos/kghm-zaglebie-lubin/damian_michalski.png
Kghm Zaglebie Lubin,Igor,Orlikowski,31,defender,POL,2006-02-09,photos/kghm-zaglebie-lubin/igor_orlikowski.png
Kghm Zaglebie Lubin,Damian,Dąbrowski,8,midfielder,POL,1992-08-27,photos/kghm-zaglebie-lubin/damian_dąbrowski.png
Kghm Zaglebie Lubin,Marek,Mróz,7,midfielder,POL,1999-02-18,photos/kghm-zaglebie-lubin/marek_mróz.png
Kghm Zaglebie Lubin,Ludvig,Fritzson,14,midfielder,SWE,1995-08-25,photos/kghm-zaglebie-lubin/ludvig_fritzson.png
Kghm Zaglebie Lubin,Mateusz,Dziewiatowski,20,midfielder,POL,2007-06-28,photos/kghm-zaglebie-lubin/mateusz_dziewiatowski.png
Kghm Zaglebie Lubin,Kamil,Nowogoński,71,midfielder,POL,2007-02-18,photos/kghm-zaglebie-lubin/kamil_nowogoński.png
Kghm Zaglebie Lubin,Cyprian,Popielec,99,midfielder,POL,2007-03-07,photos/kghm-zaglebie-lubin/cyprian_popielec.png
Kghm Zaglebie Lubin,Filip,Kocaba,39,midfielder,POL,2004-11-13,photos/kghm-zaglebie-lubin/filip_kocaba.png
Kghm Zaglebie Lubin,Roman,Jakuba,3,defender,UKR,2001-04-23,photos/kghm-zaglebie-lubin/roman_jakuba.png
Kghm Zaglebie Lubin,Jakub,Kolan,26,midfielder,POL,2004-08-03,photos/kghm-zaglebie-lubin/jakub_kolan.png
Kghm Zaglebie Lubin,Luka,Lucić,35,defender,HRV,1995-01-02,photos/kghm-zaglebie-lubin/luka_lucić.png
Kghm Zaglebie Lubin,Patryk,Kusztal,23,midfielder,POL,2003-03-28,photos/kghm-zaglebie-lubin/patryk_kusztal.png
Kghm Zaglebie Lubin,Aleks,Ławniczak,5,defender,POL,1999-05-05,photos/kghm-zaglebie-lubin/aleks_ławniczak.png
Kghm Zaglebie Lubin,Tomasz,Makowski,6,midfielder,POL,1999-07-19,photos/kghm-zaglebie-lubin/tomasz_makowski.png
Kghm Zaglebie Lubin,Marcel,Reguła,44,midfielder,POL,2006-10-26,photos/kghm-zaglebie-lubin/marcel_reguła.png
Kghm Zaglebie Lubin,Kamil,Sochań,2,defender,POL,2004-02-04,photos/kghm-zaglebie-lubin/kamil_sochań.png
Kghm Zaglebie Lubin,Leonardo,Rocha,55,striker,PRT,1997-05-23,photos/kghm-zaglebie-lubin/leonardo_rocha.png
Kghm Zaglebie Lubin,Jesus,Diaz,27,midfielder,COL,1999-05-21,photos/kghm-zaglebie-lubin/jesus_diaz.png
Kghm Zaglebie Lubin,Rafał,Gikiewicz,12,goalkeeper,POL,1987-10-26,photos/kghm-zaglebie-lubin/rafał_gikiewicz.png
Rakow Czestochowa,Oskar,Repka,6,midfielder,POL,1999-01-03,photos/rakow-czestochowa/oskar_repka.png
Rakow Czestochowa,Karol,Struski,23,midfielder,POL,2001-01-18,photos/rakow-czestochowa/karol_struski.png
Rakow Czestochowa,Lamine,Diaby-Fadiga,80,striker,FRA,2001-01-19,photos/rakow-czestochowa/lamine_diaby-fadiga.png
Rakow Czestochowa,Apostolos,Konstantopoulos,66,defender,GRC,2002-08-02,photos/rakow-czestochowa/apostolos_konstantopoulos.png
Rakow Czestochowa,Kacper,Trelowski,1,goalkeeper,POL,2003-08-19,photos/rakow-czestochowa/kacper_trelowski.png
Rakow Czestochowa,Bogdan,Racovitan,25,defender,ROU,2000-06-06,photos/rakow-czestochowa/bogdan_racovitan.png
Rakow Czestochowa,Ibrahima,Seck,97,midfielder,SEN,2004-05-19,photos/rakow-czestochowa/ibrahima_seck.png
Rakow Czestochowa,Erick,Otieno,26,defender,KEN,1996-09-27,photos/rakow-czestochowa/erick_otieno.png
Rakow Czestochowa,Ariel,Mosór,2,defender,POL,2003-02-19,photos/rakow-czestochowa/ariel_mosór.png
Rakow Czestochowa,Stratos,Svarnas,4,defender,GRC,1997-11-11,photos/rakow-czestochowa/stratos_svarnas.png
Rakow Czestochowa,Fran,Tudor,7,defender,HRV,1995-09-27,photos/rakow-czestochowa/fran_tudor.png
Rakow Czestochowa,Zoran,Arsenić,24,defender,HRV,1994-06-02,photos/rakow-czestochowa/zoran_arsenić.png
Rakow Czestochowa,Michael,Ameyaw,19,midfielder,POL,2000-09-16,photos/rakow-czestochowa/michael_ameyaw.png
Rakow Czestochowa,Jonatan,Braut Brunes,18,striker,NOR,2000-08-07,photos/rakow-czestochowa/jonatan_braut_brunes.png
Rakow Czestochowa,Adriano,Amorim,11,midfielder,BRA,2002-02-15,photos/rakow-czestochowa/adriano_amorim.png
Rakow Czestochowa,Jakub,Mądrzyk,39,goalkeeper,POL,2003-12-04,photos/rakow-czestochowa/jakub_mądrzyk.png
Rakow Czestochowa,Patryk,Makuch,9,striker,POL,1999-04-11,photos/rakow-czestochowa/patryk_makuch.png
Rakow Czestochowa,Oliwier,Zych,48,goalkeeper,POL,2004-06-28,photos/rakow-czestochowa/oliwier_zych.png
Rakow Czestochowa,Marko,Bulat,5,midfielder,HRV,2001-09-26,photos/rakow-czestochowa/marko_bulat.png
Rakow Czestochowa,Peter,Barath,88,midfielder,HUN,2002-02-21,photos/rakow-czestochowa/peter_barath.png
Rakow Czestochowa,Tomasz,Pieńko,8,midfielder,POL,2004-01-05,photos/rakow-czestochowa/tomasz_pieńko.png
Rakow Czestochowa,Srdjan,Plavsić,14,defender,SRB,1995-12-03,photos/rakow-czestochowa/srdjan_plavsić.png
Rakow Czestochowa,Ivan,Lopez,10,midfielder,ESP,1994-06-29,photos/rakow-czestochowa/ivan_lopez.png
Rakow Czestochowa,Jean Carlos,Silva,20,defender,ESP,1996-05-10,photos/rakow-czestochowa/jean_carlos_silva.png
Rakow Czestochowa,Bogdan,Mircetić,44,midfielder,SRB,2005-10-25,photos/rakow-czestochowa/bogdan_mircetić.png
Rakow Czestochowa,Imad,Rondić,99,striker,BIH,1999-02-16,photos/rakow-czestochowa/imad_rondić.png
Lechia Gdansk,Bohdan,Sarnawśkyj,29,goalkeeper,UKR,1995-01-29,photos/lechia-gdansk/bohdan_sarnawśkyj.png
Lechia Gdansk,Miłosz,Kałahur,23,defender,POL,1999-06-29,photos/lechia-gdansk/miłosz_kałahur.png
Lechia Gdansk,Elias,Olsson,3,defender,SWE,2003-04-23,photos/lechia-gdansk/elias_olsson.png
Lechia Gdansk,Bujar,Pllana,4,defender,XKX,2001-10-29,photos/lechia-gdansk/bujar_pllana.png
Lechia Gdansk,Iwan,Żelizko,5,midfielder,UKR,2001-01-12,photos/lechia-gdansk/iwan_żelizko.png
Lechia Gdansk,Rifet,Kapić,10,midfielder,BIH,1995-07-03,photos/lechia-gdansk/rifet_kapić.png
Lechia Gdansk,Camilo,Mena,11,midfielder,COL,2002-10-01,photos/lechia-gdansk/camilo_mena.png
Lechia Gdansk,Tomasz,Neugebauer,99,midfielder,POL,2003-05-08,photos/lechia-gdansk/tomasz_neugebauer.png
Lechia Gdansk,Anton,Carenko,17,midfielder,UKR,2004-06-17,photos/lechia-gdansk/anton_carenko.png
Lechia Gdansk,Tomas,Bobcek,89,striker,SVK,2001-09-08,photos/lechia-gdansk/tomas_bobcek.png
Lechia Gdansk,Bohdan,Wjunnyk,7,striker,UKR,2002-05-21,photos/lechia-gdansk/bohdan_wjunnyk.png
Lechia Gdansk,Kacper,Sezonienko,79,striker,POL,2003-03-23,photos/lechia-gdansk/kacper_sezonienko.png
Lechia Gdansk,Michał,Głogowski,21,striker,POL,2005-08-04,photos/lechia-gdansk/michał_głogowski.png
Lechia Gdansk,Tomasz,Wójtowicz,33,midfielder,POL,2003-12-19,photos/lechia-gdansk/tomasz_wójtowicz.png
Lechia Gdansk,Alvis,Jaunzems,16,defender,LVA,1999-06-16,photos/lechia-gdansk/alvis_jaunzems.png
Lechia Gdansk,Maksym,Diaczuk,15,defender,UKR,2003-07-21,photos/lechia-gdansk/maksym_diaczuk.png
Lechia Gdansk,Matus,Vojtko,27,defender,SVK,2000-10-05,photos/lechia-gdansk/matus_vojtko.png
Lechia Gdansk,Dawid,Kurminowski,90,striker,POL,1999-02-24,photos/lechia-gdansk/dawid_kurminowski.png
Lechia Gdansk,Szymon,Weirauch,1,goalkeeper,POL,2004-03-05,photos/lechia-gdansk/szymon_weirauch.png
Lechia Gdansk,Bartosz,Brzęk,26,defender,POL,2005-12-01,photos/lechia-gdansk/bartosz_brzęk.png
Lechia Gdansk,Bartosz,Szczepankiewicz,88,midfielder,POL,2006-12-10,photos/lechia-gdansk/bartosz_szczepankiewicz.png
Lechia Gdansk,Alexander,Paulsen,18,goalkeeper,NZL,2002-07-04,photos/lechia-gdansk/alexander_paulsen.png
Lechia Gdansk,Dorian,Sinkiewicz,77,striker,POL,2009-01-31,photos/lechia-gdansk/dorian_sinkiewicz.png
Lechia Gdansk,Bartłomiej,Kłudka,2,defender,POL,2002-05-14,photos/lechia-gdansk/bartłomiej_kłudka.png
Lechia Gdansk,Kyryło,Paszko,19,striker,UKR,2006-07-19,photos/lechia-gdansk/kyryło_paszko.png
Lechia Gdansk,Aleksandar,Ćirković,8,midfielder,SRB,2001-09-21,photos/lechia-gdansk/aleksandar_ćirković.png
Lechia Gdansk,Matej,Rodin,80,defender,HRV,1996-02-13,photos/lechia-gdansk/matej_rodin.png
Lechia Gdansk,Mohamed,Awad Alla,72,midfielder,ARE,2002-07-16,photos/lechia-gdansk/mohamed_awad_alla.png
Lechia Gdansk,Michał,Kaczorowski,44,goalkeeper,POL,2007-05-31,photos/lechia-gdansk/michał_kaczorowski.png
Legia Warszawa,Artur,Jędrzejczyk,55,defender,POL,1987-11-04,photos/legia-warszawa/artur_jędrzejczyk.png
Legia Warszawa,Arkadiusz,Reca,13,defender,POL,1995-06-17,photos/legia-warszawa/arkadiusz_reca.png
Legia Warszawa,Kacper,Tobiasz,1,goalkeeper,POL,2002-11-04,photos/legia-warszawa/kacper_tobiasz.png
Legia Warszawa,Gabriel,Kobylak,27,goalkeeper,POL,2002-02-20,photos/legia-warszawa/gabriel_kobylak.png
Legia Warszawa,Kacper,Chodyna,11,midfielder,POL,1999-05-24,photos/legia-warszawa/kacper_chodyna.png
Legia Warszawa,Migouel,Alfarela,9,striker,FRA,1997-11-15,photos/legia-warszawa/migouel_alfarela.png
Legia Warszawa,Marco,Burch,4,defender,CHE,2000-10-19,photos/legia-warszawa/marco_burch.png
Legia Warszawa,Jean-Pierre,Nsame,18,striker,CMR,1993-05-01,photos/legia-warszawa/jean-pierre_nsame.png
Legia Warszawa,Ruben,Vinagre,19,defender,PRT,1999-04-09,photos/legia-warszawa/ruben_vinagre.png
Legia Warszawa,Jan,Ziółkowski,24,defender,POL,2005-06-05,photos/legia-warszawa/jan_ziółkowski.png
Legia Warszawa,Paweł,Wszołek,7,defender,POL,1992-04-30,photos/legia-warszawa/paweł_wszołek.png
Legia Warszawa,Patryk,Kun,23,midfielder,POL,1995-04-20,photos/legia-warszawa/patryk_kun.png
Legia Warszawa,Joaquim Claude,Goncalves Araujo,5,midfielder,FRA,1994-04-09,photos/legia-warszawa/joaquim_claude_goncalves_araujo.png
Legia Warszawa,Juergen,Elitim,22,midfielder,ESP,1999-07-13,photos/legia-warszawa/juergen_elitim.png
Legia Warszawa,Ryoya,Morishita,25,midfielder,JPN,1997-04-11,photos/legia-warszawa/ryoya_morishita.png
Legia Warszawa,Wahan,Biczachczjan,21,midfielder,ARM,1999-07-09,photos/legia-warszawa/wahan_biczachczjan.png
Legia Warszawa,Steve,Kapuadi,3,defender,COD,1998-04-30,photos/legia-warszawa/steve_kapuadi.png
Legia Warszawa,Wojciech,Urbański,53,midfielder,POL,2005-01-12,photos/legia-warszawa/wojciech_urbański.png
Legia Warszawa,Wojciech,Banasik,50,goalkeeper,POL,2006-05-08,photos/legia-warszawa/wojciech_banasik.png
Legia Warszawa,Mileta,Rajović,29,striker,DNK,1999-07-17,photos/legia-warszawa/mileta_rajović.png
Legia Warszawa,Petar,Stojanović,30,defender,SVN,1995-10-07,photos/legia-warszawa/petar_stojanović.png
Legia Warszawa,Pascal,Mozie,51,midfielder,POL,2008-05-06,photos/legia-warszawa/pascal_mozie.png
Legia Warszawa,Jakub,Żewłakow,20,midfielder,POL,2006-12-02,photos/legia-warszawa/jakub_żewłakow.png
Legia Warszawa,Bartosz,Kapustka,67,midfielder,POL,1996-12-23,photos/legia-warszawa/bartosz_kapustka.png
Legia Warszawa,Marcel,Mendes-Dudziński,31,goalkeeper,POL,2005-05-14,photos/legia-warszawa/marcel_mendes-dudziński.png
Legia Warszawa,Radovan,Pankov,12,defender,SRB,1995-08-05,photos/legia-warszawa/radovan_pankov.png
Legia Warszawa,Rafał,Augustyniak,8,midfielder,POL,1993-10-14,photos/legia-warszawa/rafał_augustyniak.png
Legia Warszawa,Damian,Szymański,44,midfielder,POL,1995-06-16,photos/legia-warszawa/damian_szymański.png
Legia Warszawa,Ermal,Krasniqi,77,midfielder,XKX,1998-09-07,photos/legia-warszawa/ermal_krasniqi.png
Legia Warszawa,Kamil,Piątkowski,91,defender,POL,2000-06-21,photos/legia-warszawa/kamil_piątkowski.png
Legia Warszawa,Noah,Weisshaupt,99,midfielder,DEU,2001-09-20,photos/legia-warszawa/noah_weisshaupt.png
Legia Warszawa,Antonio,Colak,14,striker,DEU,1993-09-17,photos/legia-warszawa/antonio_colak.png
Legia Warszawa,Kacper,Urbański,82,midfielder,POL,2004-09-07,photos/legia-warszawa/kacper_urbański.png
Widzew Lodz,Sebastian,Bergier,99,striker,POL,1999-12-20,photos/widzew-lodz/sebastian_bergier.png
Widzew Lodz,Kamil,Andrzejkiewicz,42,striker,POL,2005-07-31,Brak
Widzew Lodz,Peter,Therkildsen,16,defender,DNK,,photos/widzew-lodz/peter_therkildsen.png
Widzew Lodz,Kuba,Nawrocki,46,midfielder,POL,2007-04-03,photos/widzew-lodz/kuba_nawrocki.png
Widzew Lodz,Mariusz,Fornalczyk,7,midfielder,POL,2003-01-15,photos/widzew-lodz/mariusz_fornalczyk.png
Widzew Lodz,Antoni,Błocki,41,goalkeeper,POL,2008-01-30,photos/widzew-lodz/antoni_błocki.png
Widzew Lodz,Angel,Baena,77,midfielder,ESP,2000-10-13,photos/widzew-lodz/angel_baena.png
Widzew Lodz,Lindon,Selahi,18,midfielder,ALB,1999-02-26,photos/widzew-lodz/lindon_selahi.png
Widzew Lodz,Ricardo,Visus,14,defender,ESP,2001-04-24,photos/widzew-lodz/ricardo_visus.png
Widzew Lodz,Mateusz,Żyro,4,defender,POL,1998-10-28,photos/widzew-lodz/mateusz_żyro.png
Widzew Lodz,Samuel,Kozlovsky,3,defender,SVK,1999-11-19,photos/widzew-lodz/samuel_kozlovsky.png
Widzew Lodz,Polydefkis,Volanakis,24,defender,GRC,2003-04-25,photos/widzew-lodz/polydefkis_volanakis.png
Widzew Lodz,Leon,Madej,43,midfielder,POL,2005-12-21,photos/widzew-lodz/leon_madej.png
Widzew Lodz,Francisco Javier,Alvarez Rodríguez,10,midfielder,ESP,1998-01-21,photos/widzew-lodz/francisco_javier_alvarez_rodríguez.png
Widzew Lodz,Szymon,Czyż,55,midfielder,POL,2001-07-08,photos/widzew-lodz/szymon_czyż.png
Widzew Lodz,Antoni,Klukowski,20,striker,POL,2007-04-02,photos/widzew-lodz/antoni_klukowski.png
Widzew Lodz,Marek,Hanousek,25,midfielder,CZE,1991-08-06,photos/widzew-lodz/marek_hanousek.png
Widzew Lodz,Jan,Krzywański,33,goalkeeper,POL,2003-03-10,photos/widzew-lodz/jan_krzywański.png
Widzew Lodz,Kamil,Cybulski,78,midfielder,POL,2005-12-02,photos/widzew-lodz/kamil_cybulski.png
Widzew Lodz,Maciej,Kikolski,98,goalkeeper,POL,2004-02-23,photos/widzew-lodz/maciej_kikolski.png
Widzew Lodz,Marcel,Krajewski,91,defender,POL,2004-10-21,photos/widzew-lodz/marcel_krajewski.png
Widzew Lodz,Samuel,Akere,57,midfielder,NGA,2004-02-16,photos/widzew-lodz/samuel_akere.png
Widzew Lodz,Bartłomiej,Pawłowski,19,midfielder,POL,1992-11-13,photos/widzew-lodz/bartłomiej_pawłowski.png
Widzew Lodz,Juljan,Shehu,6,midfielder,ALB,1998-09-06,photos/widzew-lodz/juljan_shehu.png
Widzew Lodz,Daniel,Gryzio,47,striker,POL,2007-09-06,photos/widzew-lodz/daniel_gryzio.png
Widzew Lodz,Dion,Gallapeni,13,defender,XKX,2004-12-22,photos/widzew-lodz/dion_gallapeni.png
Widzew Lodz,Tonio,Teklić,8,midfielder,HRV,1999-09-09,photos/widzew-lodz/tonio_teklić.png
Widzew Lodz,Stelios,Andreou,5,defender,CYP,2002-07-24,photos/widzew-lodz/stelios_andreou.png
Widzew Lodz,Andi,Zeqiri,9,striker,CHE,1999-06-22,photos/widzew-lodz/andi_zeqiri.png
Widzew Lodz,Pape,Meissa Ba,27,striker,SEN,1997-07-04,photos/widzew-lodz/pape_meissa_ba.png
Widzew Lodz,Veljko,Ilić,30,goalkeeper,SRB,2003-07-21,photos/widzew-lodz/veljko_ilić.png
Jagiellonia Bialystok,Sławomir,Abramowicz,50,goalkeeper,POL,2004-06-09,photos/jagiellonia-bialystok/sławomir_abramowicz.png
Jagiellonia Bialystok,Miłosz,Piekutowski,22,goalkeeper,POL,2006-05-08,photos/jagiellonia-bialystok/miłosz_piekutowski.png
Jagiellonia Bialystok,Bartłomiej,Żynel,33,goalkeeper,POL,1998-04-09,photos/jagiellonia-bialystok/bartłomiej_żynel.png
Jagiellonia Bialystok,Dusan,Stojinović,3,defender,SVN,2000-08-26,photos/jagiellonia-bialystok/dusan_stojinović.png
Jagiellonia Bialystok,Norbert,Wojtuszek,15,defender,POL,2001-10-05,photos/jagiellonia-bialystok/norbert_wojtuszek.png
Jagiellonia Bialystok,Cezary,Polak,5,defender,POL,2003-05-31,photos/jagiellonia-bialystok/cezary_polak.png
Jagiellonia Bialystok,Oskar,Pietuszewski,80,midfielder,POL,2008-05-20,photos/jagiellonia-bialystok/oskar_pietuszewski.png
Jagiellonia Bialystok,Miguel,Villar,20,midfielder,ESP,1996-09-19,photos/jagiellonia-bialystok/miguel_villar.png
Jagiellonia Bialystok,Taras,Romanczuk,6,midfielder,POL,1991-11-14,photos/jagiellonia-bialystok/taras_romanczuk.png
Jagiellonia Bialystok,Leon,Flach,31,midfielder,DEU,2001-02-28,photos/jagiellonia-bialystok/leon_flach.png
Jagiellonia Bialystok,Marcin,Listkowski,29,midfielder,POL,1998-02-10,photos/jagiellonia-bialystok/marcin_listkowski.png
Jagiellonia Bialystok,Eryk,Kozłowski,85,midfielder,POL,2006-09-27,photos/jagiellonia-bialystok/eryk_kozłowski.png
Jagiellonia Bialystok,Afimico,Pululu,10,striker,FRA,1999-03-23,photos/jagiellonia-bialystok/afimico_pululu.png
Jagiellonia Bialystok,Jesus,Imaz,11,striker,ESP,1990-09-26,photos/jagiellonia-bialystok/jesus_imaz.png
Jagiellonia Bialystok,Dimitris,Rallis,9,striker,GRC,2005-03-26,photos/jagiellonia-bialystok/dimitris_rallis.png
Jagiellonia Bialystok,Adrian,Damasiewicz,66,goalkeeper,POL,2008-09-09,photos/jagiellonia-bialystok/adrian_damasiewicz.png
Jagiellonia Bialystok,Dawid,Drachal,8,midfielder,POL,2005-01-31,photos/jagiellonia-bialystok/dawid_drachal.png
Jagiellonia Bialystok,Alejandro,Cantero,19,midfielder,ESP,2000-06-08,photos/jagiellonia-bialystok/alejandro_cantero.png
Jagiellonia Bialystok,Yuki,Kobayashi,4,defender,JPN,2000-07-18,photos/jagiellonia-bialystok/yuki_kobayashi.png
Jagiellonia Bialystok,Toki,Hirosawa,55,midfielder,JPN,2002-10-21,photos/jagiellonia-bialystok/toki_hirosawa.png
Jagiellonia Bialystok,Bartłomiej,Wdowik,27,defender,POL,2000-09-25,photos/jagiellonia-bialystok/bartłomiej_wdowik.png
Jagiellonia Bialystok,Bartosz,Mazurek,86,midfielder,POL,2007-01-03,photos/jagiellonia-bialystok/bartosz_mazurek.png
Jagiellonia Bialystok,Alejandro,Pozo,7,midfielder,ESP,1999-02-22,photos/jagiellonia-bialystok/alejandro_pozo.png
Jagiellonia Bialystok,Louka,Prip,18,midfielder,DNK,1997-06-29,photos/jagiellonia-bialystok/louka_prip.png
Jagiellonia Bialystok,Bernardo,Vital,13,defender,PRT,2000-12-29,photos/jagiellonia-bialystok/bernardo_vital.png
Jagiellonia Bialystok,Bartłomiej,Krasiewicz,53,defender,POL,2005-11-26,photos/jagiellonia-bialystok/bartłomiej_krasiewicz.png
Jagiellonia Bialystok,Jakub,Rabiczko,67,goalkeeper,POL,2008-02-21,Brak
Jagiellonia Bialystok,Aziel,Jackson,25,midfielder,USA,2001-10-25,photos/jagiellonia-bialystok/aziel_jackson.png
Jagiellonia Bialystok,Kamil,Jóźwiak,72,midfielder,POL,1998-04-22,photos/jagiellonia-bialystok/kamil_jóźwiak.png
Jagiellonia Bialystok,Andy,Pelmard,70,defender,MDG,2000-03-20,photos/jagiellonia-bialystok/andy_pelmard.png
Jagiellonia Bialystok,Sergio,Lozano Lluch,21,midfielder,ESP,1999-03-24,photos/jagiellonia-bialystok/sergio_lozano_lluch.png
Jagiellonia Bialystok,Youssuf,Sylla,17,midfielder,BEL,2002-12-19,photos/jagiellonia-bialystok/youssuf_sylla.png
Jagiellonia Bialystok,Maciej,Kuczyński,90,midfielder,,,Brak
Cracovia,Gustav,Henriksson,4,defender,SWE,1998-02-03,photos/cracovia/gustav_henriksson.png
Cracovia,Henrich,Ravas,27,goalkeeper,SVK,1997-08-16,photos/cracovia/henrich_ravas.png
Cracovia,Jakub,Jugas,24,defender,CZE,1992-05-05,photos/cracovia/jakub_jugas.png
Cracovia,Kamil,Glik,15,defender,POL,1988-02-03,photos/cracovia/kamil_glik.png
Cracovia,David,Olafsson,19,defender,ISL,1995-05-15,photos/cracovia/david_olafsson.png
Cracovia,Oskar,Wójcik,66,defender,POL,2003-07-21,photos/cracovia/oskar_wójcik.png
Cracovia,Ajdin,Hasić,14,midfielder,BIH,2001-10-07,photos/cracovia/ajdin_hasić.png
Cracovia,Martin,Minczew,17,midfielder,BGR,2001-04-22,photos/cracovia/martin_minczew.png
Cracovia,Dawid,Polak,28,midfielder,POL,2008-06-28,photos/cracovia/dawid_polak.png
Cracovia,Michał,Rakoczy,10,midfielder,POL,2002-03-30,photos/cracovia/michał_rakoczy.png
Cracovia,Jani,Atanasov,8,midfielder,MKD,1999-10-31,photos/cracovia/jani_atanasov.png
Cracovia,Fabian,Bzdyl,23,midfielder,POL,2007-12-02,photos/cracovia/fabian_bzdyl.png
Cracovia,Mikkel,Maigaard,11,midfielder,DNK,1995-09-20,photos/cracovia/mikkel_maigaard.png
Cracovia,Sebastian,Madejski,13,goalkeeper,POL,1997-01-02,photos/cracovia/sebastian_madejski.png
Cracovia,Karol,Knap,20,midfielder,POL,2001-09-12,photos/cracovia/karol_knap.png
Cracovia,Mateusz,Praszelik,7,midfielder,POL,2000-09-26,photos/cracovia/mateusz_praszelik.png
Cracovia,Filip,Stojilković,9,striker,CHE,2000-01-04,photos/cracovia/filip_stojilković.png
Cracovia,Mauro,Perković,39,defender,HRV,2003-03-22,photos/cracovia/mauro_perković.png
Cracovia,Otar,Kakabadze,25,defender,GEO,1995-06-27,photos/cracovia/otar_kakabadze.png
Cracovia,Amir,Al-Ammari,6,midfielder,IRQ,1997-07-27,photos/cracovia/amir_al-ammari.png
Cracovia,Konrad,Golonka,91,goalkeeper,POL,2007-05-26,photos/cracovia/konrad_golonka.png
Cracovia,Dijon,Kameri,70,midfielder,AUT,2004-04-20,photos/cracovia/dijon_kameri.png
Cracovia,Dominik,Piła,79,defender,POL,2001-05-06,photos/cracovia/dominik_piła.png
Cracovia,Bartosz,Biedrzycki,22,defender,POL,2003-04-16,photos/cracovia/bartosz_biedrzycki.png
Cracovia,Kahveh,Zahiroleslam,18,striker,USA,2002-06-13,photos/cracovia/kahveh_zahiroleslam.png
Cracovia,Konrad,Cymerys,33,goalkeeper,POL,2008-09-22,photos/cracovia/konrad_cymerys.png
Cracovia,Mateusz,Skoczylas,92,midfielder,POL,2006-09-20,photos/cracovia/mateusz_skoczylas.png
Cracovia,Gabriel,Charpentier,99,striker,COG,1999-05-17,photos/cracovia/gabriel_charpentier.png
Cracovia,Mateusz,Klich,43,midfielder,POL,1990-06-13,photos/cracovia/mateusz_klich.png
Cracovia,Bosko,Sutalo,21,defender,HRV,2000-01-01,photos/cracovia/bosko_sutalo.png
Cracovia,Brahim,Traore,61,defender,FRA,2004-02-04,photos/cracovia/brahim_traore.png
Cracovia,Milan,Aleksić,8,midfielder,SRB,2005-08-30,photos/cracovia/milan_aleksić.png
Wisla Plock,Jakub,Burek,26,goalkeeper,POL,2003-03-08,photos/wisla-plock/jakub_burek.png
Wisla Plock,Rafał,Leszczyński,12,goalkeeper,POL,1992-04-26,photos/wisla-plock/rafał_leszczyński.png
Wisla Plock,Bartosz,Borowski,27,striker,POL,2009-01-24,photos/wisla-plock/bartosz_borowski.png
Wisla Plock,Nemanja,Mijusković,25,defender,MNE,1992-03-04,photos/wisla-plock/nemanja_mijusković.png
Wisla Plock,Gustav Marcus,Sangre,4,defender,SWE,1995-02-04,photos/wisla-plock/gustav_marcus_sangre.png
Wisla Plock,Bojan,Nastić,5,defender,BIH,1994-07-06,photos/wisla-plock/bojan_nastić.png
Wisla Plock,Kevin,Čustović,2,midfielder,SWE,2000-02-03,photos/wisla-plock/kevin_čustović.png
Wisla Plock,Dominik,Kun,14,midfielder,POL,1993-06-22,photos/wisla-plock/dominik_kun.png
Wisla Plock,Jorge,Jimenez,5,midfielder,ESP,1999-05-20,photos/wisla-plock/jorge_jimenez.png
Wisla Plock,Ivan,Salvador,66,striker,GNQ,1995-12-11,photos/wisla-plock/ivan_salvador.png
Wisla Plock,Piotr,Krawczyk,22,striker,POL,1994-12-29,photos/wisla-plock/piotr_krawczyk.png
Wisla Plock,Łukasz,Sekulski,20,striker,POL,1990-11-03,photos/wisla-plock/łukasz_sekulski.png
Wisla Plock,Stanisław,Pruszkowski,1,goalkeeper,POL,2004-07-22,photos/wisla-plock/stanisław_pruszkowski.png
Wisla Plock,Aleksandre,Kalandadze,3,defender,GEO,2001-05-09,photos/wisla-plock/aleksandre_kalandadze.png
Wisla Plock,Filip,Zając,42,defender,POL,2005-08-31,photos/wisla-plock/filip_zając.png
Wisla Plock,Gleb,Kuczko,91,midfielder,BLR,2005-06-03,photos/wisla-plock/gleb_kuczko.png
Wisla Plock,Krystian,Pomorski,6,midfielder,POL,1995-12-30,photos/wisla-plock/krystian_pomorski.png
Wisla Plock,Oskar,Tomczyk,37,striker,POL,2006-01-25,photos/wisla-plock/oskar_tomczyk.png
Wisla Plock,Andrias,Edmundsson,19,defender,FRO,2000-12-18,photos/wisla-plock/andrias_edmundsson.png
Wisla Plock,Marcin,Kamiński,35,defender,POL,1992-01-15,photos/wisla-plock/marcin_kamiński.png
Wisla Plock,Dani,Pacheco,8,midfielder,ESP,1991-01-05,photos/wisla-plock/dani_pacheco.png
Wisla Plock,Fabian,Hiszpański,16,midfielder,POL,1993-10-26,photos/wisla-plock/fabian_hiszpański.png
Wisla Plock,Giannis,Niarchos,9,striker,GRC,2002-06-26,photos/wisla-plock/giannis_niarchos.png
Wisla Plock,Wiktor,Nowak,30,midfielder,POL,2004-09-20,photos/wisla-plock/wiktor_nowak.png
Wisla Plock,Quentin,Lecoeuche,13,defender,FRA,1994-02-04,photos/wisla-plock/quentin_lecoeuche.png
Wisla Plock,Matchoi,Djalo,17,midfielder,PRT,2003-04-10,photos/wisla-plock/matchoi_djalo.png
Wisla Plock,Tomas,Tavares,84,defender,PRT,2001-03-07,photos/wisla-plock/tomas_tavares.png
Wisla Plock,Żan,Rogelj,21,midfielder,SVN,1999-11-25,photos/wisla-plock/żan_rogelj.png
Wisla Plock,Deni,Jurić,99,striker,HRV,1997-09-03,photos/wisla-plock/deni_jurić.png
Wisla Plock,Mateusz,Leśniewski,76,midfielder,POL,2008-02-04,photos/wisla-plock/mateusz_leśniewski.png
Motor Lublin,Paskal,Meyer,2,defender,DEU,2005-06-25,photos/motor-lublin/paskal_meyer.png
Motor Lublin,Ivo,Rodrigues,7,midfielder,PRT,1995-03-30,photos/motor-lublin/ivo_rodrigues.png
Motor Lublin,Renat,Dadashov,77,striker,AZE,1999-05-17,photos/motor-lublin/renat_dadashov.png
Motor Lublin,Gasper,Tratnik,33,goalkeeper,SVN,2000-01-04,photos/motor-lublin/gasper_tratnik.png
Motor Lublin,Ivan,Brkić,1,goalkeeper,HRV,1995-06-29,photos/motor-lublin/ivan_brkić.png
Motor Lublin,Filip,Wójcik,17,defender,POL,1997-04-11,photos/motor-lublin/filip_wójcik.png
Motor Lublin,Herve,Matthys,3,defender,BEL,1996-01-19,photos/motor-lublin/herve_matthys.png
Motor Lublin,Bright,Ede,42,defender,POL,2007-02-18,photos/motor-lublin/bright_ede.png
Motor Lublin,Filip,Luberecki,24,defender,POL,2005-04-25,photos/motor-lublin/filip_luberecki.png
Motor Lublin,Arkadiusz,Najemski,18,defender,POL,1996-01-12,photos/motor-lublin/arkadiusz_najemski.png
Motor Lublin,Krystian,Palacz,47,defender,POL,2003-07-19,photos/motor-lublin/krystian_palacz.png
Motor Lublin,Paweł,Stolarski,28,defender,POL,1996-01-28,photos/motor-lublin/paweł_stolarski.png
Motor Lublin,Mathieu,Scalet,8,midfielder,POL,1997-04-01,photos/motor-lublin/mathieu_scalet.png
Motor Lublin,Bartosz,Wolski,68,midfielder,POL,1997-05-12,photos/motor-lublin/bartosz_wolski.png
Motor Lublin,Sergi,Samper,6,midfielder,ESP,1995-01-20,photos/motor-lublin/sergi_samper.png
Motor Lublin,Jakub,Łabojko,21,midfielder,POL,1997-10-03,photos/motor-lublin/jakub_łabojko.png
Motor Lublin,Franciszek,Lewandowski,16,midfielder,POL,2008-05-23,photos/motor-lublin/franciszek_lewandowski.png
Motor Lublin,Christopher,Simon,22,midfielder,SEN,1999-12-06,photos/motor-lublin/christopher_simon.png
Motor Lublin,Bradly,van Hoeven,19,midfielder,NLD,2000-04-17,photos/motor-lublin/bradly_van_hoeven.png
Motor Lublin,Michał,Król,26,midfielder,POL,2000-03-14,photos/motor-lublin/michał_król.png
Motor Lublin,Mbaye Jacques,Ndiaye,30,midfielder,SEN,2003-10-10,photos/motor-lublin/mbaye_jacques_ndiaye.png
Motor Lublin,Karol,Czubak,9,striker,POL,2000-01-25,photos/motor-lublin/karol_czubak.png
Motor Lublin,Kacper,Plichta,20,striker,POL,2007-02-10,photos/motor-lublin/kacper_plichta.png
Motor Lublin,Florian,Haxha,23,midfielder,XKX,2002-04-06,photos/motor-lublin/florian_haxha.png
Motor Lublin,Patryk,Kukulski,99,goalkeeper,POL,2004-07-03,photos/motor-lublin/patryk_kukulski.png
Motor Lublin,Kacper,Karasek,10,midfielder,POL,2002-03-20,photos/motor-lublin/kacper_karasek.png
Motor Lublin,Marek,Bartos,39,defender,SVK,1996-10-13,photos/motor-lublin/marek_bartos.png
Motor Lublin,Fabio,Ronaldo,11,midfielder,PRT,2001-04-28,photos/motor-lublin/fabio_ronaldo.png
Arka Gdynia,Dawid,Abramowicz,33,defender,POL,1991-05-16,photos/arka-gdynia/dawid_abramowicz.png
Arka Gdynia,Dominick,Zator,4,defender,CAN,1994-09-18,photos/arka-gdynia/dominick_zator.png
Arka Gdynia,Diego,Percan,22,striker,ESP,2001-11-13,photos/arka-gdynia/diego_percan.png
Arka Gdynia,Julien,Celestine,18,defender,FRA,1997-07-24,photos/arka-gdynia/julien_celestine.png
Arka Gdynia,Dawid,Gojny,94,defender,POL,1994-08-31,photos/arka-gdynia/dawid_gojny.png
Arka Gdynia,Michał,Marcjanik,29,defender,POL,1994-12-15,photos/arka-gdynia/michał_marcjanik.png
Arka Gdynia,Marc,Navarro,2,defender,ESP,1995-07-02,photos/arka-gdynia/marc_navarro.png
Arka Gdynia,Przemysław,Stolc,32,defender,POL,1994-07-03,photos/arka-gdynia/przemysław_stolc.png
Arka Gdynia,Joao Pedro,Oliveira,27,midfielder,CHE,1996-01-06,photos/arka-gdynia/joao_pedro_oliveira.png
Arka Gdynia,Szymon,Sobczak,7,striker,POL,1992-12-07,photos/arka-gdynia/szymon_sobczak.png
Arka Gdynia,Enrique,Hermoso Gomez,23,defender,ESP,1999-08-10,photos/arka-gdynia/enrique_hermoso_gomez.png
Arka Gdynia,Dawid,Kocyła,11,midfielder,POL,2002-07-23,photos/arka-gdynia/dawid_kocyła.png
Arka Gdynia,Alassane,Sidibe,8,midfielder,CIV,2002-06-09,photos/arka-gdynia/alassane_sidibe.png
Arka Gdynia,Marcel,Predenkiewicz,17,midfielder,POL,2004-04-06,photos/arka-gdynia/marcel_predenkiewicz.png
Arka Gdynia,Luis,Perea,6,midfielder,ESP,1997-08-25,photos/arka-gdynia/luis_perea.png
Arka Gdynia,Edu,Espiau,99,striker,ESP,1994-12-19,photos/arka-gdynia/edu_espiau.png
Arka Gdynia,Damian,Węglarz,77,goalkeeper,POL,1996-03-21,photos/arka-gdynia/damian_węglarz.png
Arka Gdynia,Jędrzej,Grobelny,1,goalkeeper,POL,2001-06-28,photos/arka-gdynia/jędrzej_grobelny.png
Arka Gdynia,Kamil,Jakubczyk,35,midfielder,POL,2004-08-10,photos/arka-gdynia/kamil_jakubczyk.png
Arka Gdynia,Tornike,Gaprindaszwili,9,midfielder,GEO,1997-07-20,photos/arka-gdynia/tornike_gaprindaszwili.png
Arka Gdynia,Sebastian,Kerk,37,midfielder,DEU,1994-04-17,photos/arka-gdynia/sebastian_kerk.png
Arka Gdynia,Aurelien,Nguiamba,10,midfielder,FRA,1999-01-18,photos/arka-gdynia/aurelien_nguiamba.png
Arka Gdynia,Hide,Vitalucci,14,striker,ITA,2001-03-05,photos/arka-gdynia/hide_vitalucci.png
Arka Gdynia,Patryk,Szysz,21,midfielder,POL,1998-04-01,photos/arka-gdynia/patryk_szysz.png
Arka Gdynia,Adam,Ratajczyk,16,midfielder,POL,2002-06-12,photos/arka-gdynia/adam_ratajczyk.png
Arka Gdynia,Nazarij,Rusyn,31,striker,UKR,1998-10-25,photos/arka-gdynia/nazarij_rusyn.png
Arka Gdynia,Kacper,Krzepisz,30,goalkeeper,POL,1999-12-16,photos/arka-gdynia/kacper_krzepisz.png
Piast Gliwice,Frantisek,Plach,26,goalkeeper,SVK,1992-03-08,photos/piast-gliwice/frantisek_plach.png
Piast Gliwice,Karol,Szymański,33,goalkeeper,POL,1993-06-25,photos/piast-gliwice/karol_szymański.png
Piast Gliwice,Dawid,Rychta,79,goalkeeper,POL,2006-03-04,photos/piast-gliwice/dawid_rychta.png
Piast Gliwice,Igor,Drapiński,29,defender,POL,2004-05-31,photos/piast-gliwice/igor_drapiński.png
Piast Gliwice,Jakub,Lewicki,36,defender,POL,2005-09-17,photos/piast-gliwice/jakub_lewicki.png
Piast Gliwice,Erik,Jirka,77,midfielder,SVK,1997-09-19,photos/piast-gliwice/erik_jirka.png
Piast Gliwice,Grzegorz,Tomasiewicz,20,midfielder,POL,1996-05-05,photos/piast-gliwice/grzegorz_tomasiewicz.png
Piast Gliwice,Patryk,Dziczek,10,midfielder,POL,1998-03-25,photos/piast-gliwice/patryk_dziczek.png
Piast Gliwice,Mateusz,Kopczyński,16,striker,POL,2007-12-17,photos/piast-gliwice/mateusz_kopczyński.png
Piast Gliwice,Justin,Daniel,27,midfielder,POL,2005-02-14,photos/piast-gliwice/justin_daniel.png
Piast Gliwice,Michał,Chrapek,6,midfielder,POL,1992-04-03,photos/piast-gliwice/michał_chrapek.png
Piast Gliwice,Jorge,Felix,7,midfielder,ESP,1991-08-22,photos/piast-gliwice/jorge_felix.png
Piast Gliwice,Szczepan,Mucha,23,midfielder,POL,2004-02-29,photos/piast-gliwice/szczepan_mucha.png
Piast Gliwice,Oskar,Leśniak,31,midfielder,POL,2004-10-07,photos/piast-gliwice/oskar_leśniak.png
Piast Gliwice,Filip,Borowski,28,defender,POL,2003-10-06,photos/piast-gliwice/filip_borowski.png
Piast Gliwice,Emmanuel,Twumasi,55,defender,USA,1997-05-18,photos/piast-gliwice/emmanuel_twumasi.png
Piast Gliwice,Adrian,Dalmau,9,striker,ESP,1994-03-23,photos/piast-gliwice/adrian_dalmau.png
Piast Gliwice,Gierman,Barkowskij,63,striker,BLR,2002-06-25,photos/piast-gliwice/gierman_barkowskij.png
Piast Gliwice,Leandro,Sanca,11,midfielder,PRT,2000-01-04,photos/piast-gliwice/leandro_sanca.png
Piast Gliwice,Juande,Rivas,5,defender,ESP,1999-07-07,photos/piast-gliwice/juande_rivas.png
Piast Gliwice,Quentin,Boisgard,17,midfielder,FRA,1997-03-17,photos/piast-gliwice/quentin_boisgard.png
Piast Gliwice,Jakub,Czerwiński,4,defender,POL,1991-08-06,photos/piast-gliwice/jakub_czerwiński.png
Piast Gliwice,Levis,Pitan,15,defender,POL,2005-05-25,photos/piast-gliwice/levis_pitan.png
Piast Gliwice,Kamil,Lubowiecki,19,midfielder,POL,2007-07-27,photos/piast-gliwice/kamil_lubowiecki.png
Piast Gliwice,Hugo,Vallejo,80,midfielder,ESP,2000-02-15,photos/piast-gliwice/hugo_vallejo.png
Piast Gliwice,Jason,Lokilo,98,midfielder,BEL,1998-09-17,photos/piast-gliwice/jason_lokilo.png
Piast Gliwice,Tomasz,Mokwa,22,defender,POL,1993-02-10,photos/piast-gliwice/tomasz_mokwa.png
Gks Katowice,Jakub,Łukowski,14,midfielder,POL,1996-05-25,photos/gks-katowice/jakub_łukowski.png
Gks Katowice,Maciej,Rosołek,7,striker,POL,2001-09-02,photos/gks-katowice/maciej_rosołek.png
Gks Katowice,Rafał,Strączek,12,goalkeeper,POL,1999-02-12,photos/gks-katowice/rafał_strączek.png
Gks Katowice,Arkadiusz,Jędrych,4,defender,POL,1992-05-27,photos/gks-katowice/arkadiusz_jędrych.png
Gks Katowice,Bartosz,Jaroszek,13,defender,POL,1994-02-17,photos/gks-katowice/bartosz_jaroszek.png
Gks Katowice,Marcin,Wasielewski,23,defender,POL,1994-08-23,photos/gks-katowice/marcin_wasielewski.png
Gks Katowice,Grzegorz,Rogala,16,defender,POL,1995-10-12,photos/gks-katowice/grzegorz_rogala.png
Gks Katowice,Alan,Czerwiński,30,defender,POL,1993-02-02,photos/gks-katowice/alan_czerwiński.png
Gks Katowice,Lukas,Klemenz,6,defender,POL,1995-09-24,photos/gks-katowice/lukas_klemenz.png
Gks Katowice,Łukasz,Trepka,25,defender,POL,2006-12-26,photos/gks-katowice/łukasz_trepka.png
Gks Katowice,Konrad,Gruszkowski,24,defender,POL,2001-01-27,photos/gks-katowice/konrad_gruszkowski.png
Gks Katowice,Adrian,Błąd,11,midfielder,POL,1991-04-16,photos/gks-katowice/adrian_błąd.png
Gks Katowice,Bartosz,Nowak,27,midfielder,POL,1993-08-25,photos/gks-katowice/bartosz_nowak.png
Gks Katowice,Mateusz,Kowalczyk,77,midfielder,POL,2004-04-16,photos/gks-katowice/mateusz_kowalczyk.png
Gks Katowice,Kacper,Łukasiak,19,midfielder,POL,2003-09-24,photos/gks-katowice/kacper_łukasiak.png
Gks Katowice,Adam,Zrelak,99,striker,SVK,1994-05-05,photos/gks-katowice/adam_zrelak.png
Gks Katowice,Dawid,Kudła,1,goalkeeper,POL,1992-03-21,photos/gks-katowice/dawid_kudła.png
Gks Katowice,Marten,Kuusk,2,defender,EST,1996-04-05,photos/gks-katowice/marten_kuusk.png
Gks Katowice,Borja,Galan,8,midfielder,ESP,1993-04-26,photos/gks-katowice/borja_galan.png
Gks Katowice,Aleksander,Buksa,21,striker,POL,2003-01-15,photos/gks-katowice/aleksander_buksa.png
Gks Katowice,Marcel,Wędrychowski,10,midfielder,POL,2002-01-13,photos/gks-katowice/marcel_wędrychowski.png
Gks Katowice,Aleksander,Paluszek,3,defender,POL,2001-04-09,photos/gks-katowice/aleksander_paluszek.png
Gks Katowice,Sebastian,Milewski,22,midfielder,POL,1998-04-30,photos/gks-katowice/sebastian_milewski.png
Gks Katowice,Alan,Bród,28,midfielder,POL,2004-08-09,photos/gks-katowice/alan_bród.png
Gks Katowice,Filip,Rejczyk,20,midfielder,POL,2006-04-20,photos/gks-katowice/filip_rejczyk.png
Gks Katowice,Miłosz,Swatowski,18,midfielder,POL,2007-09-13,photos/gks-katowice/miłosz_swatowski.png
Gks Katowice,Jesse,Bosch,5,midfielder,NLD,2000-02-01,photos/gks-katowice/jesse_bosch.png
Gks Katowice,Eman,Marković,15,midfielder,NOR,1999-05-08,photos/gks-katowice/eman_marković.png
Gks Katowice,Ilja,Szkurin,80,striker,BLR,1999-08-17,photos/gks-katowice/ilja_szkurin.png
Gks Katowice,Patryk,Szczuka,33,goalkeeper,POL,2002-01-31,photos/gks-katowice/patryk_szczuka.png
Gks Katowice,Jakub,Kokosiński,21,striker,POL,2007-06-12,photos/gks-katowice/jakub_kokosiński.png
Radomiak Radom,Filip,Majchrowicz,1,goalkeeper,POL,2000-02-09,photos/radomiak-radom/filip_majchrowicz.png
Radomiak Radom,Jeremy,Blasco,5,defender,FRA,1999-02-12,photos/radomiak-radom/jeremy_blasco.png
Radomiak Radom,Krystian,Harciński,12,goalkeeper,POL,2007-03-19,photos/radomiak-radom/krystian_harciński.png
Radomiak Radom,Mikołaj,Molendowski,37,midfielder,POL,2007-02-19,photos/radomiak-radom/mikołaj_molendowski.png
Radomiak Radom,Wiktor,Koptas,44,goalkeeper,POL,2004-10-20,photos/radomiak-radom/wiktor_koptas.png
Radomiak Radom,Abdoul,Tapsoba,15,striker,BFA,2001-08-23,photos/radomiak-radom/abdoul_tapsoba.png
Radomiak Radom,Mateusz,Cichocki,16,defender,POL,1992-01-31,photos/radomiak-radom/mateusz_cichocki.png
Radomiak Radom,Jan,Grzesik,13,defender,POL,1994-10-21,photos/radomiak-radom/jan_grzesik.png
Radomiak Radom,Steve,Kingue,74,defender,CMR,2000-01-23,photos/radomiak-radom/steve_kingue.png
Radomiak Radom,Zie,Ouattara,24,defender,CIV,2000-09-01,photos/radomiak-radom/zie_ouattara.png
Radomiak Radom,Rafał,Wolski,27,midfielder,POL,1992-11-10,photos/radomiak-radom/rafał_wolski.png
Radomiak Radom,Roberto,Alves,10,midfielder,PRT,1997-06-18,photos/radomiak-radom/roberto_alves.png
Radomiak Radom,Michał,Kaput,28,midfielder,POL,1998-02-18,photos/radomiak-radom/michał_kaput.png
Radomiak Radom,Osvaldo Pedro,Capemba,11,midfielder,AGO,2002-01-10,photos/radomiak-radom/osvaldo_pedro_capemba.png
Radomiak Radom,Paulius,Golubickas,8,midfielder,LTU,1999-08-19,photos/radomiak-radom/paulius_golubickas.png
Radomiak Radom,Guilherme,Zimovski,99,midfielder,POL,2004-12-03,photos/radomiak-radom/guilherme_zimovski.png
Radomiak Radom,Leandro,Rossi,9,midfielder,POL,1988-11-26,photos/radomiak-radom/leandro_rossi.png
Radomiak Radom,Christos,Donis,77,midfielder,GRC,1994-10-09,photos/radomiak-radom/christos_donis.png
Radomiak Radom,Bruno André,Cavaco Jordão,6,midfielder,PRT,1998-10-12,photos/radomiak-radom/bruno_andré_cavaco_jordão.png
Radomiak Radom,Vasco,Lopes,7,midfielder,CPV,1999-09-02,photos/radomiak-radom/vasco_lopes.png
Radomiak Radom,Joao,Pedro,20,defender,BRA,2003-03-14,photos/radomiak-radom/joao_pedro.png
Radomiak Radom,Ibrahima,Camara,2,midfielder,GIN,1999-01-25,photos/radomiak-radom/ibrahima_camara.png
Radomiak Radom,Michał,Jerke,75,goalkeeper,POL,2006-01-13,photos/radomiak-radom/michał_jerke.png
Radomiak Radom,Alex,Niziołek,17,striker,POL,2006-06-28,photos/radomiak-radom/alex_niziołek.png
Radomiak Radom,Laurindo Dilson,Maria Aurelio,29,striker,AGO,2000-01-08,photos/radomiak-radom/laurindo_dilson_maria_aurelio.png
Radomiak Radom,Maurides,Roque Junior,25,striker,BRA,1994-03-10,photos/radomiak-radom/maurides_roque_junior.png
Radomiak Radom,Elves,Balde,21,striker,GNB,1999-10-02,photos/radomiak-radom/elves_balde.png
Radomiak Radom,Adrian,Dieguez,26,defender,ESP,1996-02-04,photos/radomiak-radom/adrian_dieguez.png
Radomiak Radom,Romario,Baro,6,midfielder,PRT,2000-01-25,photos/radomiak-radom/romario_baro.png
Radomiak Radom,Joshua,Wilson-Esbrand,3,defender,GBR,2002-12-26,photos/radomiak-radom/joshua_wilson-esbrand.png
Bruk Bet Termalica Nieciecza,Igor,Strzałek,86,midfielder,POL,2004-01-19,photos/bruk-bet-termalica-nieciecza/igor_strzałek.png
Bruk Bet Termalica Nieciecza,Lucas,Masoero,5,defender,ITA,1995-02-01,photos/bruk-bet-termalica-nieciecza/lucas_masoero.png
Bruk Bet Termalica Nieciecza,Thiago,Dombroski,55,defender,POL,2002-06-20,photos/bruk-bet-termalica-nieciecza/thiago_dombroski.png
Bruk Bet Termalica Nieciecza,Noah,Mrosek,22,defender,POL,2004-06-18,photos/bruk-bet-termalica-nieciecza/noah_mrosek.png
Bruk Bet Termalica Nieciecza,Kamil,Zapolnik,25,striker,POL,1992-09-09,photos/bruk-bet-termalica-nieciecza/kamil_zapolnik.png
Bruk Bet Termalica Nieciecza,Radu,Boboc,27,defender,ROU,1999-04-24,photos/bruk-bet-termalica-nieciecza/radu_boboc.png
Bruk Bet Termalica Nieciecza,Adrian,Chovan,1,goalkeeper,SVK,1995-10-08,photos/bruk-bet-termalica-nieciecza/adrian_chovan.png
Bruk Bet Termalica Nieciecza,Eric,Topór,70,goalkeeper,POL,2005-02-12,photos/bruk-bet-termalica-nieciecza/eric_topór.png
Bruk Bet Termalica Nieciecza,Artem,Putiwcew,77,defender,UKR,1988-08-29,photos/bruk-bet-termalica-nieciecza/artem_putiwcew.png
Bruk Bet Termalica Nieciecza,Damian,Hilbrycht,21,defender,POL,1998-05-19,photos/bruk-bet-termalica-nieciecza/damian_hilbrycht.png
Bruk Bet Termalica Nieciecza,Arkadiusz,Kasperkiewicz,3,defender,POL,1994-09-29,photos/bruk-bet-termalica-nieciecza/arkadiusz_kasperkiewicz.png
Bruk Bet Termalica Nieciecza,Maciej,Wolski,6,defender,POL,1997-03-29,photos/bruk-bet-termalica-nieciecza/maciej_wolski.png
Bruk Bet Termalica Nieciecza,Gabriel,Isik,29,defender,DEU,1999-06-06,photos/bruk-bet-termalica-nieciecza/gabriel_isik.png
Bruk Bet Termalica Nieciecza,Bartosz,Kopacz,2,defender,POL,1992-05-21,photos/bruk-bet-termalica-nieciecza/bartosz_kopacz.png
Bruk Bet Termalica Nieciecza,Morgan,Fassbender,7,midfielder,DEU,1998-10-18,photos/bruk-bet-termalica-nieciecza/morgan_fassbender.png
Bruk Bet Termalica Nieciecza,Krzysztof,Kubica,13,midfielder,POL,2000-05-25,photos/bruk-bet-termalica-nieciecza/krzysztof_kubica.png
Bruk Bet Termalica Nieciecza,Andrzej,Trubeha,53,striker,POL,1997-11-22,photos/bruk-bet-termalica-nieciecza/andrzej_trubeha.png
Bruk Bet Termalica Nieciecza,Wojciech,Jakubik,26,midfielder,POL,2005-01-23,photos/bruk-bet-termalica-nieciecza/wojciech_jakubik.png
Bruk Bet Termalica Nieciecza,Diego,Deisadze,35,midfielder,POL,2004-10-15,photos/bruk-bet-termalica-nieciecza/diego_deisadze.png
Bruk Bet Termalica Nieciecza,Rafał,Kurzawa,8,midfielder,POL,1993-01-29,photos/bruk-bet-termalica-nieciecza/rafał_kurzawa.png
Bruk Bet Termalica Nieciecza,Maciej,Ambrosiewicz,28,midfielder,POL,1998-05-24,photos/bruk-bet-termalica-nieciecza/maciej_ambrosiewicz.png
Bruk Bet Termalica Nieciecza,Miłosz,Mleczko,99,goalkeeper,POL,1999-03-01,photos/bruk-bet-termalica-nieciecza/miłosz_mleczko.png
Bruk Bet Termalica Nieciecza,Dominik,Biniek,17,striker,POL,2004-09-05,photos/bruk-bet-termalica-nieciecza/dominik_biniek.png
Bruk Bet Termalica Nieciecza,Jesus,Jimenez,9,striker,ESP,1993-11-05,photos/bruk-bet-termalica-nieciecza/jesus_jimenez.png
Bruk Bet Termalica Nieciecza,Miłosz,Kozik,16,defender,POL,2004-12-18,photos/bruk-bet-termalica-nieciecza/miłosz_kozik.png
Bruk Bet Termalica Nieciecza,Sergio,Guerrero,23,midfielder,ESP,1999-01-13,photos/bruk-bet-termalica-nieciecza/sergio_guerrero.png
Bruk Bet Termalica Nieciecza,Maciej,Janicki,24,goalkeeper,POL,2008-01-14,photos/bruk-bet-termalica-nieciecza/maciej_janicki.png
Gornik Zabrze,Tomasz,Loska,99,goalkeeper,POL,1996-01-26,photos/gornik-zabrze/tomasz_loska.png
Gornik Zabrze,Young-jun,Goh,79,midfielder,KOR,2001-07-09,photos/gornik-zabrze/young-jun_goh.png
Gornik Zabrze,Antoni,Bałabuch,25,goalkeeper,POL,2007-05-29,photos/gornik-zabrze/antoni_bałabuch.png
Gornik Zabrze,Rafał,Janicki,26,defender,POL,1992-07-05,photos/gornik-zabrze/rafał_janicki.png
Gornik Zabrze,Paweł,Olkowski,16,defender,POL,1990-02-13,photos/gornik-zabrze/paweł_olkowski.png
Gornik Zabrze,Dominik,Szala,27,defender,POL,2006-04-24,photos/gornik-zabrze/dominik_szala.png
Gornik Zabrze,Kryspin,Szcześniak,5,defender,POL,2001-01-08,photos/gornik-zabrze/kryspin_szcześniak.png
Gornik Zabrze,Maksymilian,Pingot,55,defender,POL,2003-04-01,photos/gornik-zabrze/maksymilian_pingot.png
Gornik Zabrze,Natan,Dzięgielewski,19,midfielder,POL,2004-10-19,photos/gornik-zabrze/natan_dzięgielewski.png
Gornik Zabrze,Kamil,Lukoszek,17,midfielder,POL,2002-04-04,photos/gornik-zabrze/kamil_lukoszek.png
Gornik Zabrze,Luka,Zahović,7,striker,SVN,1995-11-15,photos/gornik-zabrze/luka_zahović.png
Gornik Zabrze,Piotr,Pietryga,92,goalkeeper,POL,2002-10-25,photos/gornik-zabrze/piotr_pietryga.png
Gornik Zabrze,Matus,Kmet,81,defender,SVK,2000-06-27,photos/gornik-zabrze/matus_kmet.png
Gornik Zabrze,Erik,Janza,64,defender,SVN,1993-06-21,photos/gornik-zabrze/erik_janza.png
Gornik Zabrze,Jarosław,Kubicki,14,midfielder,POL,1995-08-07,photos/gornik-zabrze/jarosław_kubicki.png
Gornik Zabrze,Lukas,Podolski,10,midfielder,DEU,1985-06-04,photos/gornik-zabrze/lukas_podolski.png
Gornik Zabrze,Patrik,Hellebrand,8,midfielder,CZE,1999-05-16,photos/gornik-zabrze/patrik_hellebrand.png
Gornik Zabrze,Sondre,Liseth,23,midfielder,NOR,1997-09-30,photos/gornik-zabrze/sondre_liseth.png
Gornik Zabrze,Abbati,Abdullahi,22,midfielder,NGA,2006-01-03,photos/gornik-zabrze/abbati_abdullahi.png
Gornik Zabrze,Ousmane,Sow,30,striker,SEN,2000-07-05,photos/gornik-zabrze/ousmane_sow.png
Gornik Zabrze,Bastien,Donio,28,midfielder,FRA,2005-09-22,photos/gornik-zabrze/bastien_donio.png
Gornik Zabrze,Gabriel,Barbosa,9,striker,BRA,1999-03-17,photos/gornik-zabrze/gabriel_barbosa.png
Gornik Zabrze,Marcel,Łubik,1,goalkeeper,POL,2004-05-19,photos/gornik-zabrze/marcel_łubik.png
Gornik Zabrze,José Manuel,Sánchez Guillén,20,defender,ESP,1996-06-06,photos/gornik-zabrze/josé_manuel_sánchez_guillén.png
Gornik Zabrze,Lukas,Ambros,18,midfielder,CZE,2004-06-05,photos/gornik-zabrze/lukas_ambros.png
Gornik Zabrze,Thodoris,Tsirigotis,74,striker,GRC,2000-06-23,photos/gornik-zabrze/thodoris_tsirigotis.png
Gornik Zabrze,Michal,Sacek,61,defender,CZE,1996-09-19,photos/gornik-zabrze/michal_sacek.png
Gornik Zabrze,Roberto,Massimo,15,midfielder,,,photos/gornik-zabrze/roberto_massimo.png
Gornik Zabrze,Maksym,Chłań,33,midfielder,UKR,2003-01-27,photos/gornik-zabrze/maksym_chłań.png
Lech Poznan,Daniel,Hakans,11,midfielder,FIN,2000-10-26,photos/lech-poznan/daniel_hakans.png
Lech Poznan,Joao,Moutinho,4,defender,PRT,1998-01-12,photos/lech-poznan/joao_moutinho.png
Lech Poznan,Robert,Gumny,20,defender,POL,1998-06-04,photos/lech-poznan/robert_gumny.png
Lech Poznan,Bartosz,Mrozek,41,goalkeeper,POL,2000-02-23,photos/lech-poznan/bartosz_mrozek.png
Lech Poznan,Joel,Pereira,2,defender,PRT,1996-09-28,photos/lech-poznan/joel_pereira.png
Lech Poznan,Alex,Douglas,3,defender,SWE,2001-08-17,photos/lech-poznan/alex_douglas.png
Lech Poznan,Afonso,Sousa,7,midfielder,PRT,2000-05-03,photos/lech-poznan/afonso_sousa.png
Lech Poznan,Patrik,Walemark,10,midfielder,SWE,2001-10-14,photos/lech-poznan/patrik_walemark.png
Lech Poznan,Gisli,Thordarson,23,midfielder,ISL,2004-09-12,photos/lech-poznan/gisli_thordarson.png
Lech Poznan,Kornel,Lisman,56,midfielder,POL,2006-02-20,photos/lech-poznan/kornel_lisman.png
Lech Poznan,Antoni,Kozubal,43,midfielder,POL,2004-08-18,photos/lech-poznan/antoni_kozubal.png
Lech Poznan,Mikael,Ishak,9,striker,SWE,1993-03-31,photos/lech-poznan/mikael_ishak.png
Lech Poznan,Bryan,Fiabema,19,striker,NOR,2003-02-16,photos/lech-poznan/bryan_fiabema.png
Lech Poznan,Filip,Szymczak,17,striker,POL,2002-05-06,photos/lech-poznan/filip_szymczak.png
Lech Poznan,Radosław,Murawski,22,midfielder,POL,1994-04-22,photos/lech-poznan/radosław_murawski.png
Lech Poznan,Krzysztof,Bąkowski,31,goalkeeper,POL,2003-01-04,photos/lech-poznan/krzysztof_bąkowski.png
Lech Poznan,Mateusz,Skrzypczak,72,defender,POL,2000-08-22,photos/lech-poznan/mateusz_skrzypczak.png
Lech Poznan,Antonio,Milić,16,defender,HRV,1994-10-03,photos/lech-poznan/antonio_milić.png
Lech Poznan,Michał,Gurgul,15,defender,POL,2006-01-30,photos/lech-poznan/michał_gurgul.png
Lech Poznan,Wojciech,Mońka,27,defender,POL,2007-01-18,photos/lech-poznan/wojciech_mońka.png
Lech Poznan,Tymoteusz,Gmur,44,midfielder,POL,2008-01-02,photos/lech-poznan/tymoteusz_gmur.png
Lech Poznan,Bartłomiej,Barański,21,midfielder,POL,2006-10-09,photos/lech-poznan/bartłomiej_barański.png
Lech Poznan,Mateusz,Pruchniewski,33,goalkeeper,POL,2007-02-15,photos/lech-poznan/mateusz_pruchniewski.png
Lech Poznan,Ali,Gholizadeh,8,midfielder,IRN,1996-03-10,photos/lech-poznan/ali_gholizadeh.png
Lech Poznan,Filip,Jagiełło,24,midfielder,POL,1997-08-08,photos/lech-poznan/filip_jagiełło.png
Lech Poznan,Sammy,Dudek,53,midfielder,POL,2008-04-18,photos/lech-poznan/sammy_dudek.png
Lech Poznan,Leo,Bengtsson,14,midfielder,SWE,1998-05-26,photos/lech-poznan/leo_bengtsson.png
Lech Poznan,Timothy,Ouma,6,midfielder,KEN,2004-06-10,photos/lech-poznan/timothy_ouma.png
Lech Poznan,Luis,Palma,77,midfielder,HND,2000-01-17,photos/lech-poznan/luis_palma.png
Lech Poznan,Pablo,Rodriguez,99,midfielder,ESP,2001-08-04,photos/lech-poznan/pablo_rodriguez.png
Lech Poznan,Kamil,Jakóbczyk,54,striker,POL,2007-10-23,photos/lech-poznan/kamil_jakóbczyk.png
Lech Poznan,Taofeek,Ismaheel,88,midfielder,NGA,2000-07-16,photos/lech-poznan/taofeek_ismaheel.png
Lech Poznan,Yannick,Agnero,7,striker,CIV,2003-02-22,photos/lech-poznan/yannick_agnero.png
Lech Poznan,Hubert,Janyszka,90,midfielder,,,Brak
Pogon Szczecin,Kuba,Bochniarz,91,goalkeeper,POL,2009-03-05,photos/pogon-szczecin/kuba_bochniarz.png
Pogon Szczecin,Linus,Wahlqvist,28,defender,SWE,1996-11-11,photos/pogon-szczecin/linus_wahlqvist.png
Pogon Szczecin,Leo,Borges,4,defender,BRA,2001-01-03,photos/pogon-szczecin/leo_borges.png
Pogon Szczecin,Danijel,Loncar,22,defender,HRV,1997-06-26,photos/pogon-szczecin/danijel_loncar.png
Pogon Szczecin,Jakub,Lis,17,defender,POL,2002-01-14,photos/pogon-szczecin/jakub_lis.png
Pogon Szczecin,Dimitris,Keramitsis,13,defender,GRC,2004-07-01,photos/pogon-szczecin/dimitris_keramitsis.png
Pogon Szczecin,Jakub,Zawadzki,36,defender,POL,2008-09-22,photos/pogon-szczecin/jakub_zawadzki.png
Pogon Szczecin,Kacper,Smoliński,61,midfielder,POL,2001-02-07,photos/pogon-szczecin/kacper_smoliński.png
Pogon Szczecin,Kamil,Grosicki,11,midfielder,POL,1988-06-08,photos/pogon-szczecin/kamil_grosicki.png
Pogon Szczecin,Fredrik,Ulvestad,8,midfielder,NOR,1992-06-17,photos/pogon-szczecin/fredrik_ulvestad.png
Pogon Szczecin,Adrian,Przyborek,10,midfielder,POL,2007-01-01,photos/pogon-szczecin/adrian_przyborek.png
Pogon Szczecin,Maciej,Wojciechowski,35,midfielder,POL,2007-05-17,photos/pogon-szczecin/maciej_wojciechowski.png
Pogon Szczecin,Efthymis,Koulouris,9,striker,GRC,1996-03-06,photos/pogon-szczecin/efthymis_koulouris.png
Pogon Szczecin,Patryk,Paryzek,20,striker,POL,2006-02-03,photos/pogon-szczecin/patryk_paryzek.png
Pogon Szczecin,Kacper,Kostorz,99,striker,POL,1999-08-21,photos/pogon-szczecin/kacper_kostorz.png
Pogon Szczecin,Krzysztof,Kamiński,31,goalkeeper,POL,1990-11-26,photos/pogon-szczecin/krzysztof_kamiński.png
Pogon Szczecin,Marian,Huja,2,defender,PRT,1999-08-05,photos/pogon-szczecin/marian_huja.png
Pogon Szczecin,Jan,Biegański,6,midfielder,POL,2002-12-04,photos/pogon-szczecin/jan_biegański.png
Pogon Szczecin,Natan,Ława,47,midfielder,POL,2009-06-26,photos/pogon-szczecin/natan_ława.png
Pogon Szczecin,Valentin,Cojocaru,77,goalkeeper,ROU,1995-10-01,photos/pogon-szczecin/valentin_cojocaru.png
Pogon Szczecin,Leonardo,Koutris,32,defender,GRC,1995-07-23,photos/pogon-szczecin/leonardo_koutris.png
Pogon Szczecin,Paul,Mukairu,18,midfielder,NGA,2000-01-18,photos/pogon-szczecin/paul_mukairu.png
Pogon Szczecin,Mor,N'diaye,19,midfielder,SEN,2000-11-22,photos/pogon-szczecin/mor_n'diaye.png
Pogon Szczecin,Musa,Juwara,7,midfielder,GMB,2001-12-26,photos/pogon-szczecin/musa_juwara.png
Pogon Szczecin,Jose,Pozo,14,midfielder,ESP,1996-03-15,photos/pogon-szczecin/jose_pozo.png
Pogon Szczecin,Alex,Pesković,33,goalkeeper,POL,2009-09-04,Brak
Pogon Szczecin,Kacper,Stanowski,37,striker,POL,2008-06-27,photos/pogon-szczecin/kacper_stanowski.png
Pogon Szczecin,Rafał,Jakubowski,38,defender,POL,2007-01-27,photos/pogon-szczecin/rafał_jakubowski.png
Pogon Szczecin,Sam,Greenwood,90,striker,GBR,2002-01-26,photos/pogon-szczecin/sam_greenwood.png
Pogon Szczecin,Rajmund,Molnar,9,striker,HUN,2002-08-28,photos/pogon-szczecin/rajmund_molnar.png
Pogon Szczecin,Hussein,Ali,15,defender,IRQ,2002-03-01,photos/pogon-szczecin/hussein_ali.png
Pogon Szczecin,Benjamin,Mendy,23,defender,FRA,1994-07-17,photos/pogon-szczecin/benjamin_mendy.png
